{
  "id": "2533087",
  "name": "tm-manage-ui",
  "font_family": "iconfont",
  "css_prefix_text": "icon-",
  "description": "",
  "glyphs": [
    {
      "icon_id": "88609",
      "name": "copy",
      "font_class": "copy",
      "unicode": "e706",
      "unicode_decimal": 59142
    },
    {
      "icon_id": "15168276",
      "name": "404",
      "font_class": "NotFound",
      "unicode": "e61d",
      "unicode_decimal": 58909
    },
        {
      "icon_id": "11121526",
      "name": "User Role management",
      "font_class": "applyManage",
      "unicode": "e642",
      "unicode_decimal": 58946
    },
    {
      "icon_id": "28521170",
      "name": "flow of user role apply-03",
      "font_class": "rightsApply",
      "unicode": "e9a7",
      "unicode_decimal": 59815
    },
    {
      "icon_id": "1200236",
      "name": "Dynamic",
      "font_class": "dynamic",
      "unicode": "e636",
      "unicode_decimal": 58934
    },
    {
      "icon_id": "10299108",
      "name": "Waiting for review",
      "font_class": "pendingReview",
      "unicode": "e609",
      "unicode_decimal": 58889
    },
    {
      "icon_id": "10299097",
      "name": "Rejected",
      "font_class": "reviewRejected",
      "unicode": "e605",
      "unicode_decimal": 58885
    },
    {
      "icon_id": "8766119",
      "name": "money",
      "font_class": "qianbi",
      "unicode": "e60a",
      "unicode_decimal": 58890
    },
    {
      "icon_id": "755615",
      "name": "Right triangle",
      "font_class": "right-triangle",
      "unicode": "e652",
      "unicode_decimal": 58962
    },
    {
      "icon_id": "10091553",
      "name": "chat",
      "font_class": "chat",
      "unicode": "e635",
      "unicode_decimal": 58933
    },
    {
      "icon_id": "19297036",
      "name": "Rhombus Stone",
      "font_class": "Lv6",
      "unicode": "e774",
      "unicode_decimal": 59252
    },
    {
      "icon_id": "19297023",
      "name": "Taper Stone",
      "font_class": "Lv4",
      "unicode": "e76f",
      "unicode_decimal": 59247
    },
    {
      "icon_id": "19297028",
      "name": "Tetragonal Stone",
      "font_class": "Lv3",
      "unicode": "e770",
      "unicode_decimal": 59248
    },
    {
      "icon_id": "19297031",
      "name": "Water_drop Stone",
      "font_class": "Lv1",
      "unicode": "e772",
      "unicode_decimal": 59250
    },
    {
      "icon_id": "19297032",
      "name": "Cut Stone",
      "font_class": "Lv2",
      "unicode": "e773",
      "unicode_decimal": 59251
    },
    {
      "icon_id": "19297040",
      "name": "Heart Stone",
      "font_class": "Lv5",
      "unicode": "e775",
      "unicode_decimal": 59253
    },
    {
      "icon_id": "5288597",
      "name": "Question mark",
      "font_class": "about",
      "unicode": "e671",
      "unicode_decimal": 58993
    },
    {
      "icon_id": "925316",
      "name": "Set up",
      "font_class": "setUp",
      "unicode": "e606",
      "unicode_decimal": 58886
    },
    {
      "icon_id": "1409628",
      "name": "Quit",
      "font_class": "quit",
      "unicode": "e607",
      "unicode_decimal": 58887
    },
    {
      "icon_id": "1658875",
      "name": "My homepage",
      "font_class": "user-picture",
      "unicode": "e681",
      "unicode_decimal": 59009
    },
    {
      "icon_id": "7410082",
      "name": "Ask question",
      "font_class": "createPost",
      "unicode": "e608",
      "unicode_decimal": 58888
    },
    {
      "icon_id": "9869812",
      "name": "Follow",
      "font_class": "follow",
      "unicode": "e64f",
      "unicode_decimal": 58959
    },
    {
      "icon_id": "1114",
      "name": "Network",
      "font_class": "personal-center",
      "unicode": "e604",
      "unicode_decimal": 58884
    },
    {
      "icon_id": "6282771",
      "name": "ID",
      "font_class": "intro",
      "unicode": "e6b8",
      "unicode_decimal": 59064
    },
    {
      "icon_id": "18166121",
      "name": "Tool kit",
      "font_class": "office",
      "unicode": "e8b7",
      "unicode_decimal": 59575
    },
    {
      "icon_id": "15391396",
      "name": "Achievement",
      "font_class": "achievement",
      "unicode": "e627",
      "unicode_decimal": 58919
    },
    {
      "icon_id": "19742232",
      "name": "Rise",
      "font_class": "rise",
      "unicode": "e602",
      "unicode_decimal": 58882
    },
    {
      "icon_id": "23949513",
      "name": "Posts",
      "font_class": "relat-post",
      "unicode": "ec64",
      "unicode_decimal": 60516
    },
    {
      "icon_id": "22756952",
      "name": "eye",
      "font_class": "eye",
      "unicode": "e68f",
      "unicode_decimal": 59023
    },
    {
      "icon_id": "6237086",
      "name": "Comment",
      "font_class": "comment",
      "unicode": "e60e",
      "unicode_decimal": 58894
    },
    {
      "icon_id": "9688351",
      "name": "Like",
      "font_class": "like",
      "unicode": "e61c",
      "unicode_decimal": 58908
    },
    {
      "icon_id": "21255535",
      "name": "Back to top",
      "font_class": "backTop",
      "unicode": "e685",
      "unicode_decimal": 59013
    },
    {
      "icon_id": "669748",
      "name": "reject",
      "font_class": "reject",
      "unicode": "e67c",
      "unicode_decimal": 59004
    },
    {
      "icon_id": "986819",
      "name": "Feedback",
      "font_class": "feed-back",
      "unicode": "e699",
      "unicode_decimal": 59033
    },
    {
      "icon_id": "7468253",
      "name": "Confirm Resolved",
      "font_class": "resolve",
      "unicode": "e696",
      "unicode_decimal": 59030
    },
    {
      "icon_id": "20435637",
      "name": "Feedbacks",
      "font_class": "feedbacks",
      "unicode": "e62f",
      "unicode_decimal": 58927
    },
    {
      "icon_id": "21308559",
      "name": "Fullscreen",
      "font_class": "fullscreen",
      "unicode": "e6e5",
      "unicode_decimal": 59109
    },
    {
      "icon_id": "16064071",
      "name": "Record",
      "font_class": "visitRecord",
      "unicode": "e61b",
      "unicode_decimal": 58907
    },
    {
      "icon_id": "18457597",
      "name": "home",
      "font_class": "home",
      "unicode": "e617",
      "unicode_decimal": 58903
    },
    {
      "icon_id": "8056773",
      "name": "packup",
      "font_class": "packUp",
      "unicode": "e62e",
      "unicode_decimal": 58926
    },
    {
      "icon_id": "15888873",
      "name": "Theme color",
      "font_class": "theme",
      "unicode": "e65b",
      "unicode_decimal": 58971
    },
    {
      "icon_id": "10491998",
      "name": "Log out",
      "font_class": "logOut",
      "unicode": "e63b",
      "unicode_decimal": 58939
    },
    {
      "icon_id": "12987198",
      "name": "Personal center",
      "font_class": "profile",
      "unicode": "e601",
      "unicode_decimal": 58881
    },
    {
      "icon_id": "16077580",
      "name": "Bell",
      "font_class": "bell",
      "unicode": "e600",
      "unicode_decimal": 58880
    },
    {
      "icon_id": "20223349",
      "name": "message",
      "font_class": "message",
      "unicode": "e603",
      "unicode_decimal": 58883
    },
    {
      "icon_id": "2755551",
      "name": "Disable",
      "font_class": "disable",
      "unicode": "e663",
      "unicode_decimal": 58979
    },
    {
      "icon_id": "10095991",
      "name": "Enable",
      "font_class": "enable",
      "unicode": "e69e",
      "unicode_decimal": 59038
    },
    {
      "icon_id": "6151292",
      "name": "minus",
      "font_class": "minus1",
      "unicode": "e828",
      "unicode_decimal": 59432
    },
    {
      "icon_id": "7685335",
      "name": "user_role",
      "font_class": "role",
      "unicode": "e74e",
      "unicode_decimal": 59214
    },
    {
      "icon_id": "10793034",
      "name": "add",
      "font_class": "add",
      "unicode": "e61e",
      "unicode_decimal": 58910
    },
    {
      "icon_id": "11741024",
      "name": "delete",
      "font_class": "delete",
      "unicode": "e684",
      "unicode_decimal": 59012
    },
    {
      "icon_id": "15014204",
      "name": "Rights",
      "font_class": "rights",
      "unicode": "e611",
      "unicode_decimal": 58897
    },
    {
      "icon_id": "15177859",
      "name": "full-screen",
      "font_class": "expand",
      "unicode": "e655",
      "unicode_decimal": 58965
    },
    {
      "icon_id": "18986664",
      "name": "edit",
      "font_class": "edit",
      "unicode": "e8c3",
      "unicode_decimal": 59587
    },
    {
      "icon_id": "5635075",
      "name": "user",
      "font_class": "user",
      "unicode": "f2dc",
      "unicode_decimal": 62172
    },
    {
      "icon_id": "8159853",
      "name": "Role management",
      "font_class": "rightsRole",
      "unicode": "e637",
      "unicode_decimal": 58935
    },
    {
      "icon_id": "10043883",
      "name": "Organization",
      "font_class": "organization",
      "unicode": "e62a",
      "unicode_decimal": 58922
    },
    {
      "icon_id": "11215392",
      "name": "dashboard",
      "font_class": "dashboard",
      "unicode": "e714",
      "unicode_decimal": 59156
    },
    {
      "icon_id": "18858650",
      "name": "Project management",
      "font_class": "projectManage",
      "unicode": "e610",
      "unicode_decimal": 58896
    }
  ]
}
